43008,Level_FCdungeon_MistTrial,SCENE_DUNGEON
45056,Level_CustomLevel_A_02,SCENE_DUNGEON
1,BigWorld_LevelStreaming,SCENE_WORLD
43009,Level_FCdungeon_MistTrial,SCENE_DUNGEON
45057,Level_CustomLevel_A_03,SCENE_DUNGEON
2,BigWorld_LevelStreaming,SCENE_WORLD
43010,Level_FCdungeon_MistTrial,SCENE_DUNGEON
45058,Level_CustomLevel_A_04,SCENE_DUNGEON
3,BigWorld_LevelStreaming,SCENE_WORLD
43011,Level_FCdungeon_MistTrial,SCENE_DUNGEON
45059,Level_CustomLevel_A_05,SCENE_DUNGEON
4,LostParadise_LevelStreaming,SCENE_WORLD
43012,Level_FCdungeon_MistTrial,SCENE_DUNGEON
5,AbyssalPalace_LevelStreaming,SCENE_WORLD
43013,Level_FCdungeon_MistTrial,SCENE_DUNGEON
6,TheChasm_LevelStreaming,SCENE_WORLD
7,MichiaeMatsuri_LevelStreaming,SCENE_WORLD
9,DreamIsland_LevelStreaming,SCENE_WORLD
41000,Level_Tower_01_Open,SCENE_DUNGEON
41001,Level_Tower_01_Open,SCENE_DUNGEON
41002,Level_Tower_01_Open,SCENE_DUNGEON
41003,Level_Tower_01_Open,SCENE_DUNGEON
41004,Level_Tower_01_Open,SCENE_DUNGEON
41005,Level_Tower_01_Open,SCENE_DUNGEON
41006,Level_Tower_01_Open,SCENE_DUNGEON
41007,Level_Tower_01_Open,SCENE_DUNGEON
41008,Level_Tower_01_Open,SCENE_DUNGEON
41009,Level_Tower_01_Open,SCENE_DUNGEON
41010,Level_Tower_01_Open,SCENE_DUNGEON
41011,Level_Tower_01_Open,SCENE_DUNGEON
41012,Level_Tower_01_Open,SCENE_DUNGEON
41013,Level_Tower_01_Open,SCENE_DUNGEON
41014,Level_Tower_01_Open,SCENE_DUNGEON
41015,Level_Tower_01_Open,SCENE_DUNGEON
41016,Level_Tower_01_Open,SCENE_DUNGEON
41017,Level_Tower_01_Open,SCENE_DUNGEON
41018,Level_Tower_01_Open,SCENE_DUNGEON
41019,Level_Tower_01_Open,SCENE_DUNGEON
41020,Level_Tower_01_Open,SCENE_DUNGEON
41021,Level_Tower_01_Open,SCENE_DUNGEON
41022,Level_Tower_01_Open,SCENE_DUNGEON
41023,Level_Tower_01_Open,SCENE_DUNGEON
41024,Level_Tower_01_Open,SCENE_DUNGEON
41025,Level_Tower_01_Open,SCENE_DUNGEON
41026,Level_Tower_01_Open,SCENE_DUNGEON
41027,Level_Tower_01_Open,SCENE_DUNGEON
41028,Level_Tower_01_Open,SCENE_DUNGEON
41029,Level_Tower_01_Open,SCENE_DUNGEON
41030,Level_Tower_01_Open,SCENE_DUNGEON
41031,Level_Tower_01_Open,SCENE_DUNGEON
41032,Level_Tower_01_Open,SCENE_DUNGEON
41033,Level_Tower_01_Open,SCENE_DUNGEON
41034,Level_Tower_01_Open,SCENE_DUNGEON
41035,Level_Tower_01_Open,SCENE_DUNGEON
41036,Level_Tower_01_Open,SCENE_DUNGEON
41037,Level_Tower_01_Open,SCENE_DUNGEON
41038,Level_Tower_01_Open,SCENE_DUNGEON
41039,Level_Tower_01_Open,SCENE_DUNGEON
30800,Level_Tower_Universe_01,SCENE_DUNGEON
41040,Level_Tower_01_Open,SCENE_DUNGEON
30801,Level_Tower_Universe_01,SCENE_DUNGEON
41041,Level_Tower_01_Open,SCENE_DUNGEON
30802,Level_Tower_Universe_01,SCENE_DUNGEON
41042,Level_Tower_01_Open,SCENE_DUNGEON
30803,Level_Tower_01_Water,SCENE_DUNGEON
41043,Level_Tower_01_Open,SCENE_DUNGEON
30804,Level_Tower_Universe_01,SCENE_DUNGEON
41044,Level_Tower_01_Open,SCENE_DUNGEON
41045,Level_Tower_01_Open,SCENE_DUNGEON
41046,Level_Tower_01_Open,SCENE_DUNGEON
41047,Level_Tower_01_Open,SCENE_DUNGEON
41048,Level_Tower_01_Open,SCENE_DUNGEON
41049,Level_Tower_01_Open,SCENE_DUNGEON
41050,Level_Tower_01_Open,SCENE_DUNGEON
41051,Level_Tower_01_Open,SCENE_DUNGEON
41052,Level_Tower_01_Open,SCENE_DUNGEON
41053,Level_Tower_01_Open,SCENE_DUNGEON
41054,Level_Tower_01_Open,SCENE_DUNGEON
41055,Level_Tower_01_Open,SCENE_DUNGEON
41056,Level_Tower_01_Open,SCENE_DUNGEON
41057,Level_Tower_01_Open,SCENE_DUNGEON
47201,Level_Smr_LostCity,SCENE_DUNGEON
41058,Level_Tower_01_Open,SCENE_DUNGEON
47202,Level_Smr_LostCity,SCENE_DUNGEON
41059,Level_Tower_01_Open,SCENE_DUNGEON
47203,Level_Smr_LostCity,SCENE_DUNGEON
41060,Level_Tower_01_Open,SCENE_DUNGEON
47204,Level_Smr_LostCity,SCENE_DUNGEON
41061,Level_Tower_01_Open,SCENE_DUNGEON
47205,Level_Smr_LostCity,SCENE_DUNGEON
41062,Level_Tower_01_Open,SCENE_DUNGEON
47206,Level_Smr_LostCity,SCENE_DUNGEON
41063,Level_Tower_01_Open,SCENE_DUNGEON
47207,Level_Smr_LostCity,SCENE_DUNGEON
41064,Level_Tower_01_Open,SCENE_DUNGEON
41065,Level_Tower_01_Open,SCENE_DUNGEON
41066,Level_Tower_01_Open,SCENE_DUNGEON
79999,GcgCardTest,SCENE_DUNGEON
2201,Homeworld_Interior_Md_Apartment_01,SCENE_HOME_ROOM
2202,Homeworld_Interior_Ly_Apartment_01,SCENE_HOME_ROOM
2203,Homeworld_Interior_Dq_Apartment_01,SCENE_HOME_ROOM
2204,Homeworld_Interior_Xm_Apt_01,SCENE_HOME_ROOM
30900,Level_Tower_Moon_01,SCENE_DUNGEON
30901,Level_Tower_Moon_01,SCENE_DUNGEON
30902,Level_Tower_Moon_01,SCENE_DUNGEON
30903,Level_Tower_Moon_01,SCENE_DUNGEON
30904,Level_Tower_Moon_01,SCENE_DUNGEON
47301,Level_ContestBattle01,SCENE_DUNGEON
47302,Level_ContestBattle01,SCENE_DUNGEON
47303,Level_ContestBattle01,SCENE_DUNGEON
47304,Level_ContestBattle01,SCENE_DUNGEON
47305,Level_ContestBattle01,SCENE_DUNGEON
47306,Level_ContestBattle01,SCENE_DUNGEON
47307,Level_ContestBattle01,SCENE_DUNGEON
31000,Level_Tower_Night_01,SCENE_DUNGEON
31001,Level_Tower_Night_01,SCENE_DUNGEON
31002,Level_Tower_Night_01,SCENE_DUNGEON
31003,Level_Tower_Night_01,SCENE_DUNGEON
31004,Level_Tower_Night_01,SCENE_DUNGEON
35100,Level_Tower_Morning_01,SCENE_DUNGEON
35101,Level_Tower_Morning_01,SCENE_DUNGEON
35102,Level_Tower_Morning_01,SCENE_DUNGEON
35103,Level_Tower_Morning_01,SCENE_DUNGEON
47401,Level_PacMan_01,SCENE_DUNGEON
47402,Level_PacMan_02,SCENE_DUNGEON
47403,Level_PacMan_01,SCENE_DUNGEON
47404,Level_PacMan_02,SCENE_DUNGEON
47405,Level_PacMan_03,SCENE_DUNGEON
47406,Level_PacMan_03,SCENE_DUNGEON
33100,Level_Tower_Morning_01,SCENE_DUNGEON
33101,Level_Tower_Morning_01,SCENE_DUNGEON
33102,Level_Tower_01_Open,SCENE_DUNGEON
33103,Level_Tower_Morning_01,SCENE_DUNGEON
31100,Level_Tower_Night_01,SCENE_DUNGEON
31101,Level_Tower_Night_01,SCENE_DUNGEON
31102,Level_Tower_Night_01,SCENE_DUNGEON
31103,Level_Tower_Night_01,SCENE_DUNGEON
31104,Level_Tower_Night_01,SCENE_DUNGEON
31200,Level_Tower_Night_01,SCENE_DUNGEON
31201,Level_Tower_Night_01,SCENE_DUNGEON
31202,Level_Tower_Night_01,SCENE_DUNGEON
31203,Level_Tower_Night_01,SCENE_DUNGEON
31204,Level_Tower_Night_01,SCENE_DUNGEON
31300,Level_Tower_Element_Fire_01,SCENE_DUNGEON
31301,Level_Tower_Element_Fire_01,SCENE_DUNGEON
31302,Level_Tower_Element_Fire_01,SCENE_DUNGEON
31303,Level_Tower_Element_Fire_01,SCENE_DUNGEON
31304,Level_Tower_Element_Fire_01,SCENE_DUNGEON
35401,Level_Tower_Dusk_01,SCENE_DUNGEON
35402,Level_Tower_Night_01,SCENE_DUNGEON
35403,Level_Tower_Dusk_01,SCENE_DUNGEON
35404,Level_Tower_Night_01,SCENE_DUNGEON
33401,Level_Tower_Dusk_01,SCENE_DUNGEON
33402,Level_Tower_Night_01,SCENE_DUNGEON
33403,Level_Tower_Night_01,SCENE_DUNGEON
33404,Level_Tower_Night_01,SCENE_DUNGEON
31400,Level_Tower_Element_Thunder_01,SCENE_DUNGEON
31401,Level_Tower_Element_Thunder_01,SCENE_DUNGEON
31402,Level_Tower_Element_Thunder_01,SCENE_DUNGEON
31403,Level_Tower_Element_Thunder_01,SCENE_DUNGEON
31404,Level_Tower_Element_Thunder_01,SCENE_DUNGEON
31500,Level_Tower_Element_Ice_01,SCENE_DUNGEON
31501,Level_Tower_Element_Ice_01,SCENE_DUNGEON
31502,Level_Tower_Element_Ice_01,SCENE_DUNGEON
31503,Level_Tower_Element_Ice_01,SCENE_DUNGEON
31504,Level_Tower_Element_Ice_01,SCENE_DUNGEON
50002,TestLevel_Cold_LYX,SCENE_DUNGEON
50003,TestLevel_Battle_CLX,SCENE_DUNGEON
50004,Level_PowerCharge_Test,SCENE_DUNGEON
50005,Level_ElementGameplay_Test,SCENE_DUNGEON
50006,Level_KaeyaTutorialMission02,SCENE_DUNGEON
50007,Level_PowerCharge_Test,SCENE_DUNGEON
50008,Level_Function_BlackBox_Test,SCENE_DUNGEON
50009,TestLevelGameplay_CX,SCENE_DUNGEON
50010,TestLevelGameplay_LSA,SCENE_DUNGEON
50011,Level_CycleDungeon01_Fire,SCENE_DUNGEON
50012,Level_CycleDungeon01_Ice,SCENE_DUNGEON
50013,Level_CycleDungeon01_Fire,SCENE_DUNGEON
50014,Monster_StrategyTest_LTJ,SCENE_DUNGEON
50015,LevelTestRooms,SCENE_DUNGEON
50016,Level_CharactersPattern_Test,SCENE_DUNGEON
50017,Level_Tower_Moon_01,SCENE_DUNGEON
50018,TestLevel_Protect_MC,SCENE_DUNGEON
50019,TestLevel_Protect_MC,SCENE_DUNGEON
50020,ClimbTest1,SCENE_WORLD
50021,LevelTest_TestTest_WG,SCENE_DUNGEON
50022,TestLevel_PFDungeon01_ZHT,SCENE_DUNGEON
50023,Level_Tower_Dusk_01,SCENE_DUNGEON
50024,Level_Tower_Dusk_01,SCENE_DUNGEON
50025,Level_CycleDungeon02_Normal,SCENE_DUNGEON
50026,Level_CycleDungeon02_Normal,SCENE_DUNGEON
50027,Level_CycleDungeon02_Normal,SCENE_DUNGEON
50028,TestLevel_CycleFire_YQT,SCENE_DUNGEON
50029,Level_TdGameplay_Test,SCENE_DUNGEON
50030,Level_PFDungeon02_Active01,SCENE_DUNGEON
50031,Level_FCdungeon_DragonBoss,SCENE_DUNGEON
31600,Level_Tower_Element_Water_01,SCENE_DUNGEON
50032,Level_PFDungeon02_Active03,SCENE_DUNGEON
31601,Level_Tower_Element_Water_01,SCENE_DUNGEON
50033,Level_PFDungeon02_Active04,SCENE_DUNGEON
31602,Level_Tower_Element_Water_01,SCENE_DUNGEON
50034,Level_PFDungeon02_Active05,SCENE_DUNGEON
31603,Level_Tower_Element_Water_01,SCENE_DUNGEON
31604,Level_Tower_Element_Water_01,SCENE_DUNGEON
35700,Level_Tower_Moon_01,SCENE_DUNGEON
35701,Level_Tower_Moon_01,SCENE_DUNGEON
35702,Level_Tower_Universe_01,SCENE_DUNGEON
35703,Level_Tower_Universe_01,SCENE_DUNGEON
35704,Level_Tower_Element_Ice_01,SCENE_DUNGEON
35705,Level_Tower_Element_Fire_01,SCENE_DUNGEON
50041,TestLevel_SZ_LX,SCENE_DUNGEON
35706,Level_Tower_Element_Ice_01,SCENE_DUNGEON
50042,TestLevel_MD_YQT,SCENE_DUNGEON
35707,Level_Tower_Element_Ice_01,SCENE_DUNGEON
50043,TestLevel_MD_YQT,SCENE_DUNGEON
35708,Level_Tower_Universe_01,SCENE_DUNGEON
50044,TestLevel_SZ_LX,SCENE_DUNGEON
35709,Level_Tower_Element_Thunder_01,SCENE_DUNGEON
50045,Level_CycleDungeon_WindFlower,SCENE_DUNGEON
35710,Level_Tower_Universe_01,SCENE_DUNGEON
50046,Level_Challenge_Thunder01,SCENE_DUNGEON
35711,Level_Tower_Element_Water_01,SCENE_DUNGEON
50047,Level_CycleDungeon_WindFlower,SCENE_DUNGEON
35712,Level_Tower_Universe_01,SCENE_DUNGEON
50048,Level_CycleDungeon_WindFlower,SCENE_DUNGEON
35713,Level_Tower_Element_Ice_01,SCENE_DUNGEON
50049,Level_CycleDungeon_WindFlower,SCENE_DUNGEON
35714,Level_Tower_Element_Ice_01,SCENE_DUNGEON
50050,Level_Tower_Morning_01,SCENE_DUNGEON
35715,Level_Tower_Moon_01,SCENE_DUNGEON
50051,Level_FCdungeon_MistTrial,SCENE_DUNGEON
35716,Level_Tower_Universe_01,SCENE_DUNGEON
50052,Level_Tower_01_Open,SCENE_DUNGEON
35717,Level_Tower_Moon_01,SCENE_DUNGEON
50053,Level_LadyBoss01,SCENE_DUNGEON
35718,Level_Tower_Moon_01,SCENE_DUNGEON
50054,Level_ActivityBoss02_Water,SCENE_DUNGEON
35719,Level_Tower_Moon_01,SCENE_DUNGEON
50055,TestLevel_Dq_Rouge,SCENE_DUNGEON
35720,Level_Tower_Universe_01,SCENE_DUNGEON
50056,TestLevel_Dq_Rouge_YQT01,SCENE_DUNGEON
35721,Level_Tower_Moon_01,SCENE_DUNGEON
50057,TestLevel_Dq_Rouge_YQT02,SCENE_DUNGEON
35722,Level_Tower_Universe_01,SCENE_DUNGEON
50058,Level_Dq_Void02,SCENE_DUNGEON
35723,Level_Tower_Moon_01,SCENE_DUNGEON
50059,TestLevelSLL_SpringFestival,SCENE_DUNGEON
35724,Level_Tower_Universe_01,SCENE_DUNGEON
50060,TestLevel_Dq_UGC_LX01,SCENE_DUNGEON
35725,Level_Tower_Moon_01,SCENE_DUNGEON
50061,Level_Tower_Universe_01,SCENE_DUNGEON
35726,Level_Tower_Universe_01,SCENE_DUNGEON
50062,TestLevel_Dq_UGC_LX02,SCENE_DUNGEON
35727,Level_Tower_Moon_01,SCENE_DUNGEON
50063,TestLevel_Dq_UGC_LX03,SCENE_DUNGEON
35728,Level_Tower_Universe_01,SCENE_DUNGEON
50064,TestLevel_Dq_UGC_LX04,SCENE_DUNGEON
35729,Level_Tower_Moon_01,SCENE_DUNGEON
50065,TestLevel_Dq_UGC_LX05,SCENE_DUNGEON
35730,Level_Tower_Universe_01,SCENE_DUNGEON
50066,TestLevel_FCdungeon_ShenheCloud01,SCENE_DUNGEON
35731,Level_Tower_Moon_01,SCENE_DUNGEON
50067,TestLevel_WB_Z,SCENE_DUNGEON
35732,Level_Tower_Universe_01,SCENE_DUNGEON
50068,Level_Tower_01_Open,SCENE_DUNGEON
35733,Level_Tower_Moon_01,SCENE_DUNGEON
50069,TestLevel_ClimbBox,SCENE_WORLD
35734,Level_Tower_Universe_01,SCENE_DUNGEON
50070,TestLevel_APA_ZQQ,SCENE_DUNGEON
35735,Level_Tower_Moon_01,SCENE_DUNGEON
50071,TestWorld_APA_ZQQ,SCENE_WORLD
35736,Level_Tower_Universe_01,SCENE_DUNGEON
50072,Level_TD_V3_Gameplay_Test,SCENE_DUNGEON
35737,Level_Tower_Moon_01,SCENE_DUNGEON
50073,PerformanceTest_LevelStreaming,SCENE_WORLD
35738,Level_Tower_Moon_01,SCENE_DUNGEON
50074,Level_SmrDungeon_Tinali,SCENE_DUNGEON
35739,Level_Tower_Moon_01,SCENE_DUNGEON
50075,Level_SmrDungeon_BigTree,SCENE_DUNGEON
35740,Level_Tower_Universe_01,SCENE_DUNGEON
50076,Level_XMDungeon_GrassDragon,SCENE_DUNGEON
35741,Level_Tower_Moon_01,SCENE_DUNGEON
50077,Level_Tower_Moon_01,SCENE_DUNGEON
35742,Level_Tower_Universe_01,SCENE_DUNGEON
50078,Level_DreamIsland_Xinyan01,SCENE_DUNGEON
35743,Level_Tower_Moon_01,SCENE_DUNGEON
50079,Level_DreamIsland_Mona01,SCENE_DUNGEON
35744,Level_Tower_Universe_01,SCENE_DUNGEON
50080,Level_DreamIsland_Kazuha02,SCENE_DUNGEON
35745,Level_Tower_Moon_01,SCENE_DUNGEON
50081,Level_DreamIsland_Mona02,SCENE_DUNGEON
35746,Level_Tower_Universe_01,SCENE_DUNGEON
50082,Level_DreamIsland_Fischl01,SCENE_DUNGEON
35747,Level_Tower_Moon_01,SCENE_DUNGEON
50083,Level_DreamIsland_Fischl02,SCENE_DUNGEON
33700,Level_Tower_Moon_01,SCENE_DUNGEON
35748,Level_Tower_Universe_01,SCENE_DUNGEON
50084,Level_DreamIsland_Fischl03,SCENE_DUNGEON
33701,Level_Tower_Moon_01,SCENE_DUNGEON
35749,Level_Tower_Moon_01,SCENE_DUNGEON
50085,Level_DreamIsland_Kazuha03,SCENE_DUNGEON
33702,Level_Tower_Universe_01,SCENE_DUNGEON
35750,Level_Tower_Universe_01,SCENE_DUNGEON
50086,Level_DreamIsland_Fischllibrary,SCENE_DUNGEON
33703,Level_Tower_Universe_01,SCENE_DUNGEON
35751,Level_Tower_Moon_01,SCENE_DUNGEON
50087,Level_DreamIsland_Kazuha01,SCENE_DUNGEON
33704,Level_Tower_Element_Ice_01,SCENE_DUNGEON
35752,Level_Tower_Universe_01,SCENE_DUNGEON
50088,Level_DreamIsland_Fischlroom,SCENE_DUNGEON
33705,Level_Tower_Element_Fire_01,SCENE_DUNGEON
50089,Level_DreamIsland_Fischlcorridor,SCENE_DUNGEON
33706,Level_Tower_Element_Ice_01,SCENE_DUNGEON
50090,TestLevel_WhiteBox_Xm_03,SCENE_DUNGEON
33707,Level_Tower_Element_Ice_01,SCENE_DUNGEON
50091,Level_DahakaBoss01,SCENE_DUNGEON
33708,Level_Tower_Universe_01,SCENE_DUNGEON
50092,WindPuzzle_WhiteboxSll01,SCENE_DUNGEON
33709,Level_Tower_Element_Thunder_01,SCENE_DUNGEON
50093,WindPuzzle_WhiteboxSll04,SCENE_DUNGEON
33710,Level_Tower_Universe_01,SCENE_DUNGEON
50094,Level_Tower_Moon_01,SCENE_DUNGEON
33711,Level_Tower_Element_Water_01,SCENE_DUNGEON
50095,Level_Tower_Moon_01,SCENE_DUNGEON
33712,Level_Tower_Universe_01,SCENE_DUNGEON
50096,Level_Tower_Moon_01,SCENE_DUNGEON
33713,Level_Tower_Element_Ice_01,SCENE_DUNGEON
46001,Level_Tower_Universe_01,SCENE_DUNGEON
50097,Level_Tower_Moon_01,SCENE_DUNGEON
33714,Level_Tower_Element_Ice_01,SCENE_DUNGEON
50098,Level_Tower_Moon_01,SCENE_DUNGEON
33715,Level_Tower_Moon_01,SCENE_DUNGEON
50099,Level_Tower_Moon_01,SCENE_DUNGEON
33716,Level_Tower_Universe_01,SCENE_DUNGEON
33717,Level_Tower_Moon_01,SCENE_DUNGEON
33718,Level_Tower_Moon_01,SCENE_DUNGEON
33719,Level_Tower_Moon_01,SCENE_DUNGEON
33720,Level_Tower_Universe_01,SCENE_DUNGEON
33721,Level_Tower_Moon_01,SCENE_DUNGEON
33722,Level_Tower_Universe_01,SCENE_DUNGEON
33723,Level_Tower_Moon_01,SCENE_DUNGEON
33724,Level_Tower_Universe_01,SCENE_DUNGEON
33725,Level_Tower_Moon_01,SCENE_DUNGEON
33726,Level_Tower_Universe_01,SCENE_DUNGEON
33727,Level_Tower_Moon_01,SCENE_DUNGEON
33728,Level_Tower_Universe_01,SCENE_DUNGEON
33729,Level_Tower_Moon_01,SCENE_DUNGEON
33730,Level_Tower_Universe_01,SCENE_DUNGEON
33731,Level_Tower_Moon_01,SCENE_DUNGEON
33732,Level_Tower_Universe_01,SCENE_DUNGEON
33733,Level_Tower_Moon_01,SCENE_DUNGEON
33734,Level_Tower_Universe_01,SCENE_DUNGEON
33735,Level_Tower_Moon_01,SCENE_DUNGEON
33736,Level_Tower_Universe_01,SCENE_DUNGEON
33737,Level_Tower_Moon_01,SCENE_DUNGEON
33738,Level_Tower_Moon_01,SCENE_DUNGEON
33739,Level_Tower_Moon_01,SCENE_DUNGEON
33740,Level_Tower_Universe_01,SCENE_DUNGEON
33741,Level_Tower_Moon_01,SCENE_DUNGEON
33742,Level_Tower_Universe_01,SCENE_DUNGEON
33743,Level_Tower_Moon_01,SCENE_DUNGEON
33744,Level_Tower_Universe_01,SCENE_DUNGEON
33745,Level_Tower_Moon_01,SCENE_DUNGEON
33746,Level_Tower_Universe_01,SCENE_DUNGEON
33747,Level_Tower_Moon_01,SCENE_DUNGEON
31700,Level_Tower_Moon_01,SCENE_DUNGEON
33748,Level_Tower_Universe_01,SCENE_DUNGEON
31701,Level_Tower_Moon_01,SCENE_DUNGEON
33749,Level_Tower_Moon_01,SCENE_DUNGEON
31702,Level_Tower_Moon_01,SCENE_DUNGEON
33750,Level_Tower_Universe_01,SCENE_DUNGEON
31703,Level_Tower_Moon_01,SCENE_DUNGEON
33751,Level_Tower_Moon_01,SCENE_DUNGEON
31704,Level_Tower_Moon_01,SCENE_DUNGEON
33752,Level_Tower_Universe_01,SCENE_DUNGEON
35800,Level_CycleDungeon_WindFlower,SCENE_DUNGEON
35801,Level_ContestBattle01,SCENE_DUNGEON
35802,Level_ContestBattle01,SCENE_DUNGEON
35803,Level_ContestBattle01,SCENE_DUNGEON
35804,Level_ContestBattle01,SCENE_DUNGEON
35805,Level_ContestBattle01,SCENE_DUNGEON
35806,Level_ContestBattle01,SCENE_DUNGEON
35807,Level_ContestBattle01,SCENE_DUNGEON
35808,Level_ContestBattle01,SCENE_DUNGEON
35809,Level_ContestBattle01,SCENE_DUNGEON
44001,Level_PFDungeon01,SCENE_DUNGEON
35810,Level_ContestBattle01,SCENE_DUNGEON
44002,Level_KaeyaTutorialMission02,SCENE_DUNGEON
35811,Level_ContestBattle01,SCENE_DUNGEON
44003,PlotLevel_XiangLingLevel_Xyd,SCENE_DUNGEON
35812,Level_ContestBattle01,SCENE_DUNGEON
44004,Level_Tower_Dusk_01,SCENE_DUNGEON
35813,Level_ContestBattle01,SCENE_DUNGEON
44005,Level_Tower_Moon_01,SCENE_DUNGEON
35814,Level_ContestBattle01,SCENE_DUNGEON
44006,Level_Tower_Element_Thunder_01,SCENE_DUNGEON
35815,Level_ContestBattle01,SCENE_DUNGEON
44007,Level_Tower_Universe_01,SCENE_DUNGEON
35816,Level_ContestBattle01,SCENE_DUNGEON
1001,ClimbTest1,SCENE_DUNGEON
35817,Level_ContestBattle01,SCENE_DUNGEON
1002,ClimbTest2,SCENE_WORLD
35818,Level_ContestBattle01,SCENE_DUNGEON
1003,TheBigWorld,SCENE_WORLD
44011,Level_Tower_Moon_01,SCENE_DUNGEON
1004,Knight_Inside_Test,SCENE_ROOM
35820,Level_FCdungeon_Qiqi,SCENE_DUNGEON
44012,Level_Tower_Night_01,SCENE_DUNGEON
1005,ChurchSteal,SCENE_ROOM
35821,Level_FCdungeon_Qiqi,SCENE_DUNGEON
44013,Level_Tower_Moon_01,SCENE_DUNGEON
1006,Level_PFDungeon01,SCENE_DUNGEON
35822,Level_FCdungeon_Qiqi,SCENE_DUNGEON
35823,Level_FCdungeon_Qiqi,SCENE_DUNGEON
1008,ChurchLobby,SCENE_ROOM
35824,PlotLevel_XiangLingLevel_Xyd,SCENE_DUNGEON
1009,AngelShare,SCENE_ROOM
35825,PlotLevel_XiangLingLevel_Xyd,SCENE_DUNGEON
35826,PlotLevel_XiangLingLevel_Xyd,SCENE_DUNGEON
1011,Level_Gameplay_Test,SCENE_DUNGEON
35827,PlotLevel_XiangLingLevel_Xyd,SCENE_DUNGEON
35828,Level_FCdungeon_Cloud01,SCENE_DUNGEON
1013,SneakAdvancedTest,SCENE_ROOM
35829,Level_FCdungeon_Cloud01,SCENE_DUNGEON
35830,Level_FCdungeon_Cloud01,SCENE_DUNGEON
1015,WindZone,SCENE_DUNGEON
35831,Level_FCdungeon_Cloud01,SCENE_DUNGEON
1016,Level_AmborAbyss01,SCENE_DUNGEON
1017,Level_FCdungeon_Kettle01,SCENE_DUNGEON
1018,Chateau,SCENE_ROOM
1019,Level_Wisdom03,SCENE_DUNGEON
1023,Level_Yurenzhong,SCENE_ROOM
1024,Level_WeekDungeon01,SCENE_DUNGEON
35840,Level_CrystalLink_01,SCENE_DUNGEON
35841,Level_CrystalLink_01,SCENE_DUNGEON
35842,Level_CrystalLink_01,SCENE_DUNGEON
35843,Level_CrystalLink_01,SCENE_DUNGEON
35844,Level_CrystalLink_01,SCENE_DUNGEON
35845,Level_CrystalLink_01,SCENE_DUNGEON
1030,TestIntercept_LiYue,SCENE_WORLD
35846,Level_DreamIsland_Xinyan01,SCENE_DUNGEON
1031,Level_Tower_Morning_01,SCENE_DUNGEON
35847,Level_DreamIsland_Xinyan01,SCENE_DUNGEON
1032,Level_FCdungeon_Cloud02,SCENE_DUNGEON
35848,Level_DIKazuha04,SCENE_DUNGEON
1033,Indoor_Ly_Bank,SCENE_ROOM
35849,Level_DIKazuha04,SCENE_DUNGEON
1034,Indoor_Ly_Liuliting,SCENE_ROOM
35850,Level_DreamIsland_Fischl03,SCENE_DUNGEON
1035,Indoor_Ly_Xinyuexuan,SCENE_ROOM
35851,Level_DreamIsland_Fischl03,SCENE_DUNGEON
35852,Level_DreamIsland_Mona01,SCENE_DUNGEON
35853,Level_DreamIsland_Mona01,SCENE_DUNGEON
42001,Level_PFDungeon02_Active01,SCENE_DUNGEON
42002,Level_PFDungeon02_Active02,SCENE_DUNGEON
42003,Level_PFDungeon02_Active07,SCENE_DUNGEON
35860,Level_SmrDungeon_Challenge,SCENE_DUNGEON
42004,Level_PFDungeon02_Active06,SCENE_DUNGEON
35861,Level_SmrDungeon_Challenge,SCENE_DUNGEON
42005,Level_PFDungeon02_Active05,SCENE_DUNGEON
46101,Level_HFDungeon_Prison01,SCENE_DUNGEON
35862,Level_SmrDungeon_Challenge,SCENE_DUNGEON
42006,Level_PFDungeon02_Active03,SCENE_DUNGEON
35863,Level_SmrDungeon_Challenge,SCENE_DUNGEON
42007,Level_PFDungeon02_Active04,SCENE_DUNGEON
42008,Level_PFDungeon02_Active07,SCENE_DUNGEON
42009,Level_PFDungeon02_Active02,SCENE_DUNGEON
1050,Level_WaterMonster_Test,SCENE_DUNGEON
42010,Level_PFDungeon02_Active01,SCENE_DUNGEON
1051,Level_QunYuGe_CLX,SCENE_DUNGEON
42011,Level_PFDungeon02_Active05,SCENE_DUNGEON
1052,Level_FCdungeon_FatOtaku,SCENE_DUNGEON
42012,Level_PFDungeon02_Active04,SCENE_DUNGEON
1053,Level_FCdungeon_Kettle01,SCENE_DUNGEON
42013,Level_PFDungeon02_Active07,SCENE_DUNGEON
1054,Level_FCdungeon_Kettle01,SCENE_DUNGEON
35870,Level_BrickBreaker01,SCENE_DUNGEON
42014,Level_PFDungeon02_Active03,SCENE_DUNGEON
1055,Level_YoungMaster,SCENE_DUNGEON
35871,Level_BrickBreaker01,SCENE_DUNGEON
1056,Level_ZhongLi_WG,SCENE_DUNGEON
35872,Level_BrickBreaker01,SCENE_DUNGEON
1057,Indoor_Ly_Qunyuge,SCENE_ROOM
35873,Level_FungusFighter01,SCENE_DUNGEON
1058,Level_FCdungeon_FatOtaku,SCENE_DUNGEON
35874,Level_FungusFighter01,SCENE_DUNGEON
1059,Level_FCdungeon_Hutao,SCENE_DUNGEON
35875,Level_FungusFighter01,SCENE_DUNGEON
1060,IndoorScene_Dq_Teahouse,SCENE_ROOM
35876,Level_FungusFighter02,SCENE_DUNGEON
1061,IndoorScene_Dq_Syabugyo,SCENE_ROOM
35877,Level_FungusFighter02,SCENE_DUNGEON
1062,Level_FCdungeon_LeiDianYing,SCENE_DUNGEON
35878,Level_FungusFighter02,SCENE_DUNGEON
1063,IndoorScene_Dq_Donjon,SCENE_ROOM
35879,Level_FungusFighter02,SCENE_DUNGEON
1064,IndoorScene_Dq_TenryuBugyo,SCENE_ROOM
35880,Level_XM_BigLeaf,SCENE_DUNGEON
1065,Level_TenryuBugyo01,SCENE_DUNGEON
35881,Level_XM_BigLeaf,SCENE_DUNGEON
1066,IndoorScene_Dq_Uyutei,SCENE_ROOM
35882,Level_XM_BigLeaf,SCENE_DUNGEON
35883,Level_XM_BigLeaf,SCENE_DUNGEON
1068,IndoorScene_Md_AngelShare_Bartender01,SCENE_ROOM
35884,Level_XM_BigLeaf,SCENE_DUNGEON
1069,IndoorScene_Ly_CyRoom,SCENE_ROOM
1070,Level_Tower_Moon_01,SCENE_DUNGEON
1071,Level_FCdungeon_Shougun01_Kazuha,SCENE_DUNGEON
1072,IndoorScene_Xm_Barbecue,SCENE_ROOM
1073,IndoorScene_Xm_Biglibrary,SCENE_ROOM
1074,IndoorScene_Xm_Coffeehouse,SCENE_ROOM
35890,Level_CrystalLink_01,SCENE_DUNGEON
1075,IndoorScene_Xm_Csd,SCENE_ROOM
35891,Level_CrystalLink_01,SCENE_DUNGEON
1076,IndoorScene_Md_CattailTavern,SCENE_ROOM
35892,Level_CrystalLink_01,SCENE_DUNGEON
1077,IndoorScene_Xm_Chunzhangjia,SCENE_ROOM
35893,Level_CrystalLink_01,SCENE_DUNGEON
1078,IndoorScene_Xm_Zls,SCENE_ROOM
35894,Level_CrystalLink_01,SCENE_DUNGEON
1079,IndoorScene_Xm_Alhouse,SCENE_ROOM
35895,Level_CrystalLink_01,SCENE_DUNGEON
31800,Level_Tower_Universe_01,SCENE_DUNGEON
35896,Level_AkaFesRhythm01,SCENE_DUNGEON
31801,Level_Tower_Universe_01,SCENE_DUNGEON
35897,Level_AkaFesRhythm01,SCENE_DUNGEON
1082,IndoorScene_Ly_Baizhu,SCENE_ROOM
31802,Level_Tower_Universe_01,SCENE_DUNGEON
35898,Level_AkaFesRhythm01,SCENE_DUNGEON
31803,Level_Tower_Universe_01,SCENE_DUNGEON
35899,Level_FungusFighter01,SCENE_DUNGEON
31804,Level_Tower_Universe_01,SCENE_DUNGEON
35900,Level_AkaFesArc_01,SCENE_DUNGEON
35901,Level_AkaFesArc_01,SCENE_DUNGEON
35902,Level_AkaFesArc_01,SCENE_DUNGEON
35903,Level_SmrDungeon_Challenge,SCENE_DUNGEON
35904,Level_SmrDungeon_Challenge,SCENE_DUNGEON
35905,Level_SmrDungeon_Challenge,SCENE_DUNGEON
40001,Level_UCDungeon02,SCENE_DUNGEON
40002,Level_UCDungeon01,SCENE_DUNGEON
40003,Level_UCDungeon01,SCENE_DUNGEON
40004,Level_KaeyaTutorialMission02,SCENE_DUNGEON
40005,Level_KaeyaTutorialMission01,SCENE_DUNGEON
35910,Level_SmrDungeon_Challenge,SCENE_DUNGEON
40006,Level_KaeyaTutorialMission01,SCENE_DUNGEON
35911,Level_SmrDungeon_Challenge,SCENE_DUNGEON
40007,Level_PFDungeon01,SCENE_DUNGEON
35912,Level_SmrDungeon_Challenge,SCENE_DUNGEON
40008,Level_KaeyaTutorialMission02,SCENE_DUNGEON
35913,Level_SmrDungeon_Challenge,SCENE_DUNGEON
40009,Level_AmborTutorialMission01,SCENE_DUNGEON
40010,Level_AmborTutorialMission01,SCENE_DUNGEON
40012,Level_LisaTutorialMission03,SCENE_DUNGEON
40013,Level_AmborTutorialMission01,SCENE_DUNGEON
40014,Level_LisaTutorialMission03,SCENE_DUNGEON
40015,Level_FCdungeon_Kettle01,SCENE_DUNGEON
40016,Level_FCdungeon_Cloud01,SCENE_DUNGEON
40017,Level_FCdungeon_Cloud01,SCENE_DUNGEON
40018,Level_FCdungeon_Kettle01,SCENE_DUNGEON
40019,Level_FCdungeon_Cloud01,SCENE_DUNGEON
40020,Level_FCdungeon_Cloud01,SCENE_DUNGEON
40021,Level_Challenge_Thunder01,SCENE_DUNGEON
40022,Level_ActivityBoss01_Wind,SCENE_DUNGEON
40023,Level_ActivityBoss01_Thunder,SCENE_DUNGEON
40024,Level_ActivityBoss01_Rock,SCENE_DUNGEON
40025,Level_ActivityBoss01_Wind,SCENE_DUNGEON
40026,Level_LisaTutorialMission03,SCENE_DUNGEON
40027,Level_ActivityBoss01_Wind,SCENE_DUNGEON
40028,Level_ActivityBoss01_Thunder,SCENE_DUNGEON
40029,Level_ActivityBoss01_Rock,SCENE_DUNGEON
40030,Level_LisaTutorialMission03,SCENE_DUNGEON
40031,Level_LisaTutorialMission03,SCENE_DUNGEON
40032,Level_LisaTutorialMission03,SCENE_DUNGEON
40033,Level_LisaTutorialMission03,SCENE_DUNGEON
40034,Level_LisaTutorialMission03,SCENE_DUNGEON
40035,Level_LisaTutorialMission03,SCENE_DUNGEON
40036,Level_LisaTutorialMission03,SCENE_DUNGEON
40037,Level_Tower_Universe_01,SCENE_DUNGEON
40038,Level_Tower_Universe_01,SCENE_DUNGEON
40039,Level_Tower_Element_Water_01,SCENE_DUNGEON
40040,Level_Tower_Element_Water_01,SCENE_DUNGEON
40041,Level_ActivityBoss02_Water,SCENE_DUNGEON
40042,Level_ActivityBoss02_Water,SCENE_DUNGEON
40043,Level_ActivityBoss02_Water,SCENE_DUNGEON
40044,Level_HFDungeon01,SCENE_DUNGEON
40045,Level_HFDungeon02,SCENE_DUNGEON
40046,Level_Tower_Element_Water_01,SCENE_DUNGEON
40047,Level_HFDungeon02,SCENE_DUNGEON
40048,Level_HFDungeon01,SCENE_DUNGEON
40049,Level_HFDungeon02,SCENE_DUNGEON
40050,Level_HFDungeon_wq,SCENE_DUNGEON
40051,Level_XMDungeon_WQ01,SCENE_DUNGEON
40052,Level_XMDungeon_WQ03,SCENE_DUNGEON
40053,Level_XMDungeon_WQ01,SCENE_DUNGEON
40054,Level_XMDungeon_WQ04,SCENE_DUNGEON
40055,Level_ActivityBoss01_Wind,SCENE_DUNGEON
40056,Level_ActivityBoss01_Wind,SCENE_DUNGEON
40057,Level_ActivityBoss01_Wind,SCENE_DUNGEON
46201,Level_CYDungeon_ActivityRouge01,SCENE_DUNGEON
40058,Level_ActivityBoss01_Wind,SCENE_DUNGEON
46202,Level_CYDungeon_Activy02,SCENE_DUNGEON
40059,Level_ActivityBoss01_Wind,SCENE_DUNGEON
46203,Level_CYDungeon_Activy03,SCENE_DUNGEON
40060,Level_ActivityBoss01_Wind,SCENE_DUNGEON
40061,Level_ActivityBoss01_Wind,SCENE_DUNGEON
40062,Level_ActivityBoss01_Wind,SCENE_DUNGEON
40063,Level_Smr_LostCity,SCENE_DUNGEON
40064,Level_Smr_LostCity,SCENE_DUNGEON
40065,Level_XM_BigLeaf,SCENE_DUNGEON
40066,Level_SmrDungeon_Challenge,SCENE_DUNGEON
31900,Level_Tower_Universe_01,SCENE_DUNGEON
31901,Level_Tower_Universe_01,SCENE_DUNGEON
31902,Level_Tower_Universe_01,SCENE_DUNGEON
31903,Level_Tower_Universe_01,SCENE_DUNGEON
31904,Level_Tower_Universe_01,SCENE_DUNGEON
40100,Level_CycleDungeon01_Fire,SCENE_DUNGEON
40101,Level_CycleDungeon01_Fire,SCENE_DUNGEON
40102,Level_CycleDungeon01_Fire,SCENE_DUNGEON
40103,Level_CycleDungeon01_Fire,SCENE_DUNGEON
40104,Level_CycleDungeon01_Fire,SCENE_DUNGEON
40105,Level_CycleDungeon01_Fire,SCENE_DUNGEON
46300,Level_SmrDungeon_Challenge,SCENE_DUNGEON
46301,Level_FCdungeon_Cloud01,SCENE_DUNGEON
46302,Level_SmrDungeon_Challenge,SCENE_DUNGEON
46303,Level_SmrDungeon_Challenge,SCENE_DUNGEON
46304,Level_FCdungeon_Cloud01,SCENE_DUNGEON
46305,Level_FCdungeon_Cloud01,SCENE_DUNGEON
46306,Level_FCdungeon_Cloud01,SCENE_DUNGEON
32000,Level_Tower_Universe_01,SCENE_DUNGEON
32001,Level_Tower_Universe_01,SCENE_DUNGEON
32002,Level_Tower_Universe_01,SCENE_DUNGEON
32003,Level_Tower_Universe_01,SCENE_DUNGEON
32004,Level_Tower_Universe_01,SCENE_DUNGEON
40200,Level_CycleDungeon01_Ice,SCENE_DUNGEON
40201,Level_CycleDungeon01_Ice,SCENE_DUNGEON
40202,Level_CycleDungeon01_Ice,SCENE_DUNGEON
40203,Level_CycleDungeon01_Ice,SCENE_DUNGEON
30001,LevelTest_CurseMaze,SCENE_DUNGEON
34100,Level_Tower_Morning_01,SCENE_DUNGEON
34101,Level_Tower_01_Water,SCENE_DUNGEON
34102,Level_Tower_01_Open,SCENE_DUNGEON
34103,Level_Tower_Morning_01,SCENE_DUNGEON
32100,Level_Tower_Morning_01,SCENE_DUNGEON
32101,Level_Tower_Morning_01,SCENE_DUNGEON
32102,Level_Tower_Morning_01,SCENE_DUNGEON
32103,Level_Tower_Morning_01,SCENE_DUNGEON
32104,Level_Tower_Morning_01,SCENE_DUNGEON
40300,Level_CycleDungeon01_Water,SCENE_DUNGEON
40301,Level_CycleDungeon01_Water,SCENE_DUNGEON
40302,Level_CycleDungeon01_Water,SCENE_DUNGEON
40303,Level_CycleDungeon01_Water,SCENE_DUNGEON
30100,Level_Tower_Morning_01,SCENE_DUNGEON
30101,Level_Tower_Morning_01,SCENE_DUNGEON
30102,Level_Tower_Morning_01,SCENE_DUNGEON
30103,Level_Tower_Morning_01,SCENE_DUNGEON
30104,Level_Tower_Morning_01,SCENE_DUNGEON
32200,Level_Tower_Morning_01,SCENE_DUNGEON
32201,Level_Tower_Morning_01,SCENE_DUNGEON
32202,Level_Tower_Morning_01,SCENE_DUNGEON
32203,Level_Tower_Morning_01,SCENE_DUNGEON
32204,Level_Tower_Morning_01,SCENE_DUNGEON
40400,Level_CycleDungeon01_Thunder,SCENE_DUNGEON
40401,Level_CycleDungeon01_Thunder,SCENE_DUNGEON
40402,Level_CycleDungeon01_Thunder,SCENE_DUNGEON
40403,Level_CycleDungeon01_Thunder,SCENE_DUNGEON
40404,Level_CycleDungeon01_Snow,SCENE_DUNGEON
40405,Level_CycleDungeon01_Thunder,SCENE_DUNGEON
40406,Level_CycleDungeon01_Thunder,SCENE_DUNGEON
40407,Level_CycleDungeon01_Thunder,SCENE_DUNGEON
40408,Level_CycleDungeon01_Snow,SCENE_DUNGEON
40409,Level_CycleDungeon01_Snow,SCENE_DUNGEON
40410,Level_CycleDungeon01_Snow,SCENE_DUNGEON
30200,Level_Tower_01_Water,SCENE_DUNGEON
30201,Level_Tower_Morning_01,SCENE_DUNGEON
30202,Level_Tower_01_Water,SCENE_DUNGEON
30203,Level_Tower_Morning_01,SCENE_DUNGEON
30204,Level_Tower_Morning_01,SCENE_DUNGEON
20000,Level_Gameplay_Test,SCENE_DUNGEON
20005,PlotLevel_XiangLingLevel_Xyd,SCENE_DUNGEON
20006,Level_UCDungeon01,SCENE_DUNGEON
20007,PlotLevel_BarbaraMission02_Xyd,SCENE_DUNGEON
20008,Level_KaeyaTutorialMission01,SCENE_DUNGEON
20009,Level_AmborTutorialMission01,SCENE_DUNGEON
20010,Level_LisaTutorialMission04,SCENE_DUNGEON
20011,Level_LisaTutorialMission03,SCENE_DUNGEON
20012,Level_UCDungeon01,SCENE_DUNGEON
20013,Level_KaeyaTutorialMission02,SCENE_DUNGEON
20014,Level_UCDungeon01,SCENE_DUNGEON
20015,Level_LisaTutorialMission03,SCENE_DUNGEON
20016,Level_KaeyaTutorialMission02,SCENE_DUNGEON
20017,DvalinTest_S01,SCENE_DUNGEON
20018,DvalinTest_S04,SCENE_DUNGEON
20019,Level_LisaTutorialMission04,SCENE_DUNGEON
20020,DvalinTest_S00,SCENE_DUNGEON
40500,Level_CycleDungeon02_Morning,SCENE_DUNGEON
40501,Level_CycleDungeon02_Morning,SCENE_DUNGEON
20022,Level_UCDungeon01,SCENE_DUNGEON
40502,Level_CycleDungeon02_Morning,SCENE_DUNGEON
20023,Level_Plot,SCENE_DUNGEON
40503,Level_CycleDungeon02_Dusk,SCENE_DUNGEON
20024,Level_UCDungeon01,SCENE_DUNGEON
40504,Level_CycleDungeon02_Dusk,SCENE_DUNGEON
20025,DvalinTest_S04,SCENE_DUNGEON
40505,Level_CycleDungeon02_Night,SCENE_DUNGEON
20026,Level_WeekDungeon01,SCENE_DUNGEON
40506,Level_CycleDungeon02_Night,SCENE_DUNGEON
20027,Level_WeekDungeon01,SCENE_DUNGEON
40507,Level_CycleDungeon02_Normal,SCENE_DUNGEON
20028,Level_WeekDungeon01,SCENE_DUNGEON
40508,Level_CycleDungeon02_Morning,SCENE_DUNGEON
40509,Level_CycleDungeon02_Dusk,SCENE_DUNGEON
40510,Level_CycleDungeon02_Dusk,SCENE_DUNGEON
20031,Level_UCDungeon01,SCENE_DUNGEON
40511,Level_CycleDungeon02_Night,SCENE_DUNGEON
20032,Level_WindyTutorial_YQT,SCENE_DUNGEON
40512,Level_CycleDungeon02_Night,SCENE_DUNGEON
40513,Level_CycleDungeon02_Normal,SCENE_DUNGEON
20034,IndoorScene_Ly_Goldenhouse,SCENE_DUNGEON
40514,Level_CycleDungeon02_Morning,SCENE_DUNGEON
20035,Level_KaeyaTutorialMission02,SCENE_DUNGEON
40515,Level_CycleDungeon02_Morning,SCENE_DUNGEON
20036,Level_KaeyaTutorialMission02,SCENE_DUNGEON
40516,Level_CycleDungeon02_Night,SCENE_DUNGEON
20037,Level_FCdungeon_Eula,SCENE_DUNGEON
40517,Level_CycleDungeon02_Night,SCENE_DUNGEON
30300,Level_Tower_Morning_01,SCENE_DUNGEON
30301,Level_Tower_Morning_01,SCENE_DUNGEON
30302,Level_Tower_01_Water,SCENE_DUNGEON
30303,Level_Tower_01_Water,SCENE_DUNGEON
30304,Level_Tower_Morning_01,SCENE_DUNGEON
34401,Level_Tower_Dusk_01,SCENE_DUNGEON
34402,Level_Tower_Night_01,SCENE_DUNGEON
34403,Level_Tower_Night_01,SCENE_DUNGEON
34404,Level_Tower_Night_01,SCENE_DUNGEON
20101,IndoorScene_Ly_Goldenhouse,SCENE_DUNGEON
20102,Level_FCdungeon_Qiqi,SCENE_DUNGEON
20103,Level_AmborTutorialMission01,SCENE_DUNGEON
20104,Level_FCdungeon_GoddessLY,SCENE_DUNGEON
20105,Level_FCdungeon_GoddessLY,SCENE_DUNGEON
20106,Level_DahakaBoss01,SCENE_DUNGEON
20107,Level_DahakaBoss01,SCENE_DUNGEON
20108,Level_DahakaBoss01,SCENE_DUNGEON
20109,Level_DahakaBoss01,SCENE_DUNGEON
20110,Level_DahakaBoss01,SCENE_DUNGEON
20111,Level_HFDungeon_Prison01,SCENE_DUNGEON
20112,Level_Dq_Void01,SCENE_DUNGEON
20113,Level_FCdungeon_Delusion01,SCENE_DUNGEON
20114,Level_DonjonBattle01,SCENE_DUNGEON
20115,Level_DonjonBattle01,SCENE_DUNGEON
20116,Level_Dq_Void01,SCENE_DUNGEON
20117,Level_Dq_Void02,SCENE_DUNGEON
20118,Level_HFDungeon02,SCENE_DUNGEON
20119,Level_HFDungeon_Yidou01,SCENE_DUNGEON
20120,Level_Eldritch_Minor01,SCENE_DUNGEON
40600,Level_CycleDungeon02_Morning,SCENE_DUNGEON
20121,QuestLevel_FCdungeon_ShenheCloud01,SCENE_DUNGEON
40601,Level_CycleDungeon02_Morning,SCENE_DUNGEON
20122,Level_WeekDungeon_Baal,SCENE_DUNGEON
40602,Level_CycleDungeon02_Dusk,SCENE_DUNGEON
20123,Level_FCdungeon_Miko,SCENE_DUNGEON
40603,Level_CycleDungeon02_Dusk,SCENE_DUNGEON
20124,Level_Eldritch_Minor01,SCENE_DUNGEON
40604,Level_CycleDungeon02_Night,SCENE_DUNGEON
20125,Level_WeekDungeon_Baal,SCENE_DUNGEON
40605,Level_CycleDungeon02_Night,SCENE_DUNGEON
20126,Level_QuestRongcai_Dungeon01,SCENE_DUNGEON
40606,Level_CycleDungeon02_Normal,SCENE_DUNGEON
20127,Level_CYDungeon_Activy01,SCENE_DUNGEON
40607,Level_CycleDungeon02_Dusk,SCENE_DUNGEON
20128,Level_CYDungeon_Activy02,SCENE_DUNGEON
40608,Level_CycleDungeon02_Dusk,SCENE_DUNGEON
20129,Level_CYDungeon_Activy03,SCENE_DUNGEON
40609,Level_CycleDungeon02_Night,SCENE_DUNGEON
20130,IndoorScene_Ly_CyRoom,SCENE_ROOM
40610,Level_CycleDungeon02_Night,SCENE_DUNGEON
20131,Level_FCdungeon_Yelan,SCENE_DUNGEON
40611,Level_CycleDungeon02_Normal,SCENE_DUNGEON
20132,Level_SmrDungeon_BigTree,SCENE_DUNGEON
40612,Level_CycleDungeon02_Dusk,SCENE_DUNGEON
20133,Level_DreamIsland_Xinyan01,SCENE_DUNGEON
40613,Level_CycleDungeon02_Night,SCENE_DUNGEON
20134,Level_DreamIsland_Mona01,SCENE_DUNGEON
40614,Level_CycleDungeon02_Night,SCENE_DUNGEON
20135,Level_DreamIsland_Kazuha02,SCENE_DUNGEON
40615,Level_CycleDungeon02_Night,SCENE_DUNGEON
20136,Level_DreamIsland_Mona02,SCENE_DUNGEON
40616,Level_Daily_Water,SCENE_DUNGEON
20137,Level_DreamIsland_Fischl01,SCENE_DUNGEON
40617,Level_CycleDungeon02_Chasm,SCENE_DUNGEON
20138,Level_DreamIsland_Fischl02,SCENE_DUNGEON
40618,Level_CycleDungeon02_Chasm,SCENE_DUNGEON
20139,Level_DreamIsland_Fischl03,SCENE_DUNGEON
40619,Level_CycleDungeon02_Chasm,SCENE_DUNGEON
20140,Level_DreamIsland_Kazuha03,SCENE_DUNGEON
40620,Level_CycleDungeon02_Chasm,SCENE_DUNGEON
20141,Level_DreamIsland_Fischllibrary,SCENE_DUNGEON
20142,Level_DreamIsland_Kazuha01,SCENE_DUNGEON
20143,Level_DreamIsland_Fischlroom,SCENE_DUNGEON
20144,Level_DreamIsland_Fischlcorridor,SCENE_DUNGEON
20145,Level_XMDungeon_WQ01,SCENE_DUNGEON
20146,Level_XMDungeon_WQ04,SCENE_DUNGEON
20147,Level_XMDungeon_WQ03,SCENE_DUNGEON
20148,Level_XMDungeon_WQ02,SCENE_DUNGEON
20149,Level_SmrDungeon_Tinali,SCENE_DUNGEON
20150,Level_VoidWorldTree,SCENE_DUNGEON
20151,Level_FC_DeshretTemple,SCENE_DUNGEON
20152,Level_ScaramoucheBoss,SCENE_DUNGEON
20153,Level_ScaramoucheBoss,SCENE_DUNGEON
20154,Level_ScaramoucheBoss,SCENE_DUNGEON
20155,Level_ScaramoucheBoss,SCENE_DUNGEON
20156,Level_ScaramoucheBoss,SCENE_DUNGEON
20157,Level_SmrDungeon_Cyno,SCENE_DUNGEON
20158,Level_FCdungeon_BigTree,SCENE_DUNGEON
20159,Level_XMDungeon_WQ01,SCENE_DUNGEON
20160,Level_FC_DeshretTemple,SCENE_DUNGEON
30400,Level_Tower_Dusk_01,SCENE_DUNGEON
20161,Level_FC_DeshretTemple,SCENE_DUNGEON
30401,Level_Tower_Dusk_01,SCENE_DUNGEON
20162,IndoorScene_Xm_Biglibrary,SCENE_DUNGEON
30402,Level_Tower_Dusk_01,SCENE_DUNGEON
20163,Level_ScaramoucheFactory,SCENE_DUNGEON
30403,Level_Tower_Dusk_01,SCENE_DUNGEON
20164,Level_VoidWorldTree,SCENE_DUNGEON
30404,Level_Tower_Dusk_01,SCENE_DUNGEON
20165,Level_NahidaDungeon_01,SCENE_DUNGEON
20166,Level_VoidWorldTree_02,SCENE_DUNGEON
20167,Level_Consciousness,SCENE_DUNGEON
20168,Level_ScaramoucheBoss,SCENE_DUNGEON
20169,Level_ScaramoucheRecall,SCENE_DUNGEON
20170,Level_ScaramoucheFactory,SCENE_DUNGEON
40650,Level_Cycle01_XM03,SCENE_DUNGEON
20171,Level_ScaramoucheBoss,SCENE_DUNGEON
40651,Level_Cycle01_XM03,SCENE_DUNGEON
20172,Level_Consciousness,SCENE_DUNGEON
40652,Level_Cycle01_XM03,SCENE_DUNGEON
20173,Level_Xm_Alhaitham_01,SCENE_DUNGEON
40653,Level_Cycle01_XM03,SCENE_DUNGEON
20174,Level_Wisdom01,SCENE_DUNGEON
20175,Level_Wisdom02,SCENE_DUNGEON
20176,Level_Wisdom03,SCENE_DUNGEON
20177,Level_SmrDungeon_Dehya,SCENE_DUNGEON
20178,Level_HangMystification,SCENE_DUNGEON
20179,Level_WeekDungeon_Apep,SCENE_DUNGEON
20180,BigWorld_LevelStreaming,SCENE_DUNGEON
40660,Level_Cycle01_XM04,SCENE_DUNGEON
20181,Level_HangMystification,SCENE_DUNGEON
40661,Level_Cycle01_XM04,SCENE_DUNGEON
20182,Level_Ly_Baizhu_01,SCENE_DUNGEON
40662,Level_Cycle01_XM04,SCENE_DUNGEON
40663,Level_Cycle01_XM04,SCENE_DUNGEON
40664,Level_Cycle01_XM04,SCENE_DUNGEON
20185,Level_WeekDungeon_Apep,SCENE_DUNGEON
40665,Level_Cycle01_XM04,SCENE_DUNGEON
40666,Level_Cycle01_XM04,SCENE_DUNGEON
40667,Level_Cycle01_XM04,SCENE_DUNGEON
40700,Level_CycleDungeon01_Rock,SCENE_DUNGEON
40701,Level_CycleDungeon01_Rock,SCENE_DUNGEON
40702,Level_CycleDungeon01_Rock,SCENE_DUNGEON
40703,Level_CycleDungeon01_Rock,SCENE_DUNGEON
30500,Level_Tower_Dusk_01,SCENE_DUNGEON
30501,Level_Tower_Dusk_01,SCENE_DUNGEON
30502,Level_Tower_Dusk_01,SCENE_DUNGEON
30503,Level_Tower_Dusk_01,SCENE_DUNGEON
30504,Level_Tower_Dusk_01,SCENE_DUNGEON
40750,Level_Cycle02_XM02,SCENE_DUNGEON
40751,Level_Cycle02_XM02,SCENE_DUNGEON
40752,Level_Cycle02_XM02,SCENE_DUNGEON
40753,Level_Cycle02_XM02,SCENE_DUNGEON
40754,Level_Cycle01_XM02,SCENE_DUNGEON
40755,Level_Cycle01_XM02,SCENE_DUNGEON
40756,Level_Cycle01_XM02,SCENE_DUNGEON
40757,Level_Cycle01_XM02,SCENE_DUNGEON
51000,Level_Tower_Moon_01,SCENE_DUNGEON
51001,Level_Tower_Moon_01,SCENE_DUNGEON
51002,Level_Tower_Moon_01,SCENE_DUNGEON
51003,Level_Tower_Moon_01,SCENE_DUNGEON
51004,Level_Tower_Moon_01,SCENE_DUNGEON
51005,Level_Tower_Moon_01,SCENE_DUNGEON
51006,TestLevel_TestBox_GJH,SCENE_DUNGEON
51007,BigWorld_LevelStreaming,SCENE_DUNGEON
51008,Level_Carnival,SCENE_DUNGEON
51009,Level_SmrDungeon_BigTree,SCENE_DUNGEON
51010,TestLevel_TestBox_LCM,SCENE_DUNGEON
51011,TestLevel_WhiteBox_Xm_04,SCENE_DUNGEON
51013,Level_Xm_Alhaitham_01,SCENE_DUNGEON
51014,Level_Cycle01_XM04,SCENE_DUNGEON
51015,Level_TestLevel_Pacman_Sll,SCENE_DUNGEON
51017,Level_Cycle01_XM04,SCENE_DUNGEON
51018,TestLevel_Dehya_GJH,SCENE_DUNGEON
51019,TestLevel_WhiteBox_Xm_05,SCENE_DUNGEON
40800,Level_CycleDungeon02_ThunderCave_Dq,SCENE_DUNGEON
40801,Level_CycleDungeon02_ThunderCave_Dq,SCENE_DUNGEON
40802,Level_CycleDungeon02_ThunderCave_Dq,SCENE_DUNGEON
40803,Level_CycleDungeon02_ThunderCave_Dq,SCENE_DUNGEON
40804,Level_CycleDungeon02_ThunderCave_Dq,SCENE_DUNGEON
40805,Level_CycleDungeon01_Thunder,SCENE_DUNGEON
40806,Level_CycleDungeon02_ThunderCave_Dq,SCENE_DUNGEON
40807,Level_CycleDungeon02_ThunderCave_Dq,SCENE_DUNGEON
40808,Level_CycleDungeon02_ThunderCave_Dq,SCENE_DUNGEON
40809,Level_CycleDungeon02_ThunderCave_Dq,SCENE_DUNGEON
30600,Level_Tower_01_Open,SCENE_DUNGEON
30601,Level_Tower_01_Open,SCENE_DUNGEON
30602,Level_Tower_01_Open,SCENE_DUNGEON
30603,Level_Tower_01_Open,SCENE_DUNGEON
30604,Level_Tower_Night_01,SCENE_DUNGEON
34700,Level_Tower_Moon_01,SCENE_DUNGEON
34701,Level_Tower_Moon_01,SCENE_DUNGEON
34702,Level_Tower_Universe_01,SCENE_DUNGEON
34703,Level_Tower_Universe_01,SCENE_DUNGEON
34704,Level_Tower_Element_Ice_01,SCENE_DUNGEON
34705,Level_Tower_Element_Fire_01,SCENE_DUNGEON
34706,Level_Tower_Element_Ice_01,SCENE_DUNGEON
34707,Level_Tower_Element_Ice_01,SCENE_DUNGEON
34708,Level_Tower_Universe_01,SCENE_DUNGEON
34709,Level_Tower_Element_Thunder_01,SCENE_DUNGEON
34710,Level_Tower_Universe_01,SCENE_DUNGEON
34711,Level_Tower_Element_Water_01,SCENE_DUNGEON
34712,Level_Tower_Universe_01,SCENE_DUNGEON
34713,Level_Tower_Element_Ice_01,SCENE_DUNGEON
47001,Level_OnmyoMaze_01,SCENE_DUNGEON
34714,Level_Tower_Element_Ice_01,SCENE_DUNGEON
47002,Level_OnmyoMaze_05,SCENE_DUNGEON
34715,Level_Tower_Moon_01,SCENE_DUNGEON
47003,Level_OnmyoMaze_03,SCENE_DUNGEON
34716,Level_Tower_Universe_01,SCENE_DUNGEON
47004,Level_OnmyoMaze_04,SCENE_DUNGEON
34717,Level_Tower_Moon_01,SCENE_DUNGEON
47005,Level_OnmyoMaze_02,SCENE_DUNGEON
34718,Level_Tower_Moon_01,SCENE_DUNGEON
47006,Level_OnmyoMaze_06,SCENE_DUNGEON
34719,Level_Tower_Moon_01,SCENE_DUNGEON
47007,Level_OnmyoMaze_07,SCENE_DUNGEON
34720,Level_Tower_Universe_01,SCENE_DUNGEON
47008,Level_OnmyoMaze_08,SCENE_DUNGEON
34721,Level_Tower_Moon_01,SCENE_DUNGEON
47009,Level_OnmyoMaze_01,SCENE_DUNGEON
34722,Level_Tower_Universe_01,SCENE_DUNGEON
47010,Level_OnmyoMaze_05,SCENE_DUNGEON
34723,Level_Tower_Moon_01,SCENE_DUNGEON
47011,Level_OnmyoMaze_05,SCENE_DUNGEON
34724,Level_Tower_Universe_01,SCENE_DUNGEON
47012,TestLevel_Dq_Rouge_SLL03,SCENE_DUNGEON
34725,Level_Tower_Moon_01,SCENE_DUNGEON
47013,Level_OnmyoMaze_03,SCENE_DUNGEON
34726,Level_Tower_Universe_01,SCENE_DUNGEON
47014,TestLevel_Dq_Rouge_SLL05,SCENE_DUNGEON
34727,Level_Tower_Moon_01,SCENE_DUNGEON
47015,TestLevel_Dq_Rouge_SLL06,SCENE_DUNGEON
34728,Level_Tower_Universe_01,SCENE_DUNGEON
47016,TestLevel_Dq_Rouge_LX01,SCENE_DUNGEON
34729,Level_Tower_Moon_01,SCENE_DUNGEON
47017,TestLevel_Dq_Rouge_LX02,SCENE_DUNGEON
34730,Level_Tower_Universe_01,SCENE_DUNGEON
47018,TestLevel_Dq_Rouge_LX03,SCENE_DUNGEON
34731,Level_Tower_Moon_01,SCENE_DUNGEON
47019,TestLevel_Dq_Rouge_LX04,SCENE_DUNGEON
34732,Level_Tower_Universe_01,SCENE_DUNGEON
47020,TestLevel_Dq_Rouge_LX05,SCENE_DUNGEON
34733,Level_Tower_Moon_01,SCENE_DUNGEON
47021,Level_WindDungeon_01,SCENE_DUNGEON
34734,Level_Tower_Universe_01,SCENE_DUNGEON
47022,Level_WindDungeon_02,SCENE_DUNGEON
34735,Level_Tower_Moon_01,SCENE_DUNGEON
47023,Level_WindDungeon_03,SCENE_DUNGEON
34736,Level_Tower_Universe_01,SCENE_DUNGEON
47024,Level_WindDungeon_04,SCENE_DUNGEON
34737,Level_Tower_Moon_01,SCENE_DUNGEON
47025,Level_WindDungeon_01,SCENE_DUNGEON
34738,Level_Tower_Moon_01,SCENE_DUNGEON
34739,Level_Tower_Moon_01,SCENE_DUNGEON
34740,Level_Tower_Universe_01,SCENE_DUNGEON
34741,Level_Tower_Moon_01,SCENE_DUNGEON
34742,Level_Tower_Universe_01,SCENE_DUNGEON
34743,Level_Tower_Moon_01,SCENE_DUNGEON
34744,Level_Tower_Universe_01,SCENE_DUNGEON
34745,Level_Tower_Moon_01,SCENE_DUNGEON
34746,Level_Tower_Universe_01,SCENE_DUNGEON
34747,Level_Tower_Moon_01,SCENE_DUNGEON
34748,Level_Tower_Universe_01,SCENE_DUNGEON
34749,Level_Tower_Moon_01,SCENE_DUNGEON
34750,Level_Tower_Universe_01,SCENE_DUNGEON
34751,Level_Tower_Moon_01,SCENE_DUNGEON
34752,Level_Tower_Universe_01,SCENE_DUNGEON
40900,Level_CycleDungeon01_Rock,SCENE_DUNGEON
40901,Level_CycleDungeon01_Rock,SCENE_DUNGEON
40902,Level_CycleDungeon01_Rock,SCENE_DUNGEON
40903,Level_CycleDungeon01_Rock,SCENE_DUNGEON
45000,Level_PFDungeon02_ReActive02,SCENE_DUNGEON
45001,Level_PFDungeon02_ReActive01,SCENE_DUNGEON
45002,Level_PFDungeon02_ReActive02,SCENE_DUNGEON
45003,Level_PFDungeon02_ReActive03,SCENE_DUNGEON
45004,Level_PFDungeon02_ReActive04,SCENE_DUNGEON
45005,Level_PFDungeon02_ReActive05,SCENE_DUNGEON
45006,Level_PFDungeon02_ReActive06,SCENE_DUNGEON
45007,Level_PFDungeon02_ReActive05,SCENE_DUNGEON
45008,Level_PFDungeon02_ReActive01,SCENE_DUNGEON
2001,Homeworld_Exterior_Above,SCENE_HOME_WORLD
45009,Level_PFDungeon02_ReActive02,SCENE_DUNGEON
2002,Homeworld_Exterior_Karst,SCENE_HOME_WORLD
45010,Level_PFDungeon02_ReActive03,SCENE_DUNGEON
2003,Homeworld_Exterior_Uncharted,SCENE_HOME_WORLD
45011,Level_PFDungeon02_ReActive04,SCENE_DUNGEON
2004,Homeworld_Exterior_Ukiyo,SCENE_HOME_WORLD
45012,Level_PFDungeon02_ReActive05,SCENE_DUNGEON
2005,Homeworld_Exterior_Sumeru,SCENE_HOME_WORLD
45013,Level_PFDungeon02_Active08,SCENE_DUNGEON
45014,Level_PFDungeon02_Active02,SCENE_DUNGEON
45015,Level_PFDungeon02_Active03,SCENE_DUNGEON
45016,Level_PFDungeon02_Active04,SCENE_DUNGEON
45017,Level_PFDungeon02_Active08,SCENE_DUNGEON
45018,Level_PFDungeon02_Active02,SCENE_DUNGEON
45019,Level_PFDungeon02_Active03,SCENE_DUNGEON
45020,Level_PFDungeon02_Active04,SCENE_DUNGEON
30700,Level_Tower_Dusk_01,SCENE_DUNGEON
30701,Level_Tower_01_Water,SCENE_DUNGEON
30702,Level_Tower_Dusk_01,SCENE_DUNGEON
30703,Level_Tower_Dusk_01,SCENE_DUNGEON
30704,Level_Tower_Dusk_01,SCENE_DUNGEON
40950,Level_CycleDungeon01_Thunder_Dq,SCENE_DUNGEON
40951,Level_CycleDungeon01_Thunder_Dq,SCENE_DUNGEON
40952,Level_CycleDungeon01_Thunder_Dq,SCENE_DUNGEON
40953,Level_CycleDungeon01_Thunder_Dq,SCENE_DUNGEON
43001,Level_FCdungeon_MistTrial,SCENE_DUNGEON
43002,Level_FCdungeon_MistTrial,SCENE_DUNGEON
45050,Level_CustomLevel_A_01,SCENE_DUNGEON
43003,Level_FCdungeon_MistTrial,SCENE_DUNGEON
45051,Level_CustomLevel_A_02,SCENE_DUNGEON
43004,Level_FCdungeon_MistTrial,SCENE_DUNGEON
45052,Level_CustomLevel_A_03,SCENE_DUNGEON
43005,Level_FCdungeon_MistTrial,SCENE_DUNGEON
45053,Level_CustomLevel_A_04,SCENE_DUNGEON
47101,Level_FungusFighter,SCENE_DUNGEON
43006,Level_FCdungeon_MistTrial,SCENE_DUNGEON
45054,Level_CustomLevel_A_05,SCENE_DUNGEON
47102,Level_FungusFighter,SCENE_DUNGEON
43007,Level_FCdungeon_MistTrial,SCENE_DUNGEON
45055,Level_CustomLevel_A_01,SCENE_DUNGEON
47103,Level_FungusFighter,SCENE_DUNGEON